_id,first_name,last_name,date_of_birth
1,Aysuh,Bansal,12/12/1995
2,Aysuh,Bansal,12/12/1995
3,Aysuh,Bansal,12/12/1995
4,Aysuh,Bansal,12/12/1995
5,Aysuh,Bansal,12/12/1995
6,Aysuh,Bansal,12/12/1995
7,Aysuh,Bansal,12/12/1995
8,Aysuh,Bansal,12/12/1995
9,Aysuh,Bansal,12/12/1995
10,Aysuh,Bansal,12/12/1995
11,Aysuh,Bansal,12/12/1995
12,Aysuh,Bansal,12/12/1995
13,Aysuh,Bansal,12/12/1995
14,Aysuh,Bansal,12/12/1995
15,Aysuh,Bansal,12/12/1995
16,Aysuh,Bansal,12/12/1995
17,Aysuh,Bansal,12/12/1995
18,Aysuh,Bansal,12/12/1995
19,Aysuh,Bansal,12/12/1995
20,Aysuh,Bansal,12/12/1995
21,Aysuh,Bansal,12/12/1995
22,Aysuh,Bansal,12/12/1995
23,Aysuh,Bansal,12/12/1995
24,Aysuh,Bansal,12/12/1995
25,Aysuh,Bansal,12/12/1995
26,Aysuh,Bansal,12/12/1995
27,Aysuh,Bansal,12/12/1995
28,Aysuh,Bansal,12/12/1995
29,Aysuh,Bansal,12/12/1995
30,Aysuh,Bansal,12/12/1995
31,Aysuh,Bansal,12/12/1995
32,Aysuh,Bansal,12/12/1995
33,Aysuh,Bansal,12/12/1995
34,Aysuh,Bansal,12/12/1995
35,Aysuh,Bansal,12/12/1995
36,Aysuh,Bansal,12/12/1995
37,Aysuh,Bansal,12/12/1995
38,Aysuh,Bansal,12/12/1995
39,Aysuh,Bansal,12/12/1995
40,Aysuh,Bansal,12/12/1995
41,Aysuh,Bansal,12/12/1995
42,Aysuh,Bansal,12/12/1995
43,Aysuh,Bansal,12/12/1995
44,Aysuh,Bansal,12/12/1995
45,Aysuh,Bansal,12/12/1995
46,Aysuh,Bansal,12/12/1995
47,Aysuh,Bansal,12/12/1995
48,Aysuh,Bansal,12/12/1995
49,Aysuh,Bansal,12/12/1995
50,Aysuh,Bansal,12/12/1995
51,Aysuh,Bansal,12/12/1995
52,Aysuh,Bansal,12/12/1995
53,Aysuh,Bansal,12/12/1995
54,Aysuh,Bansal,12/12/1995
55,Aysuh,Bansal,12/12/1995
56,Aysuh,Bansal,12/12/1995
57,Aysuh,Bansal,12/12/1995
58,Aysuh,Bansal,12/12/1995
59,Aysuh,Bansal,12/12/1995
60,Aysuh,Bansal,12/12/1995
61,Aysuh,Bansal,12/12/1995
62,Aysuh,Bansal,12/12/1995
63,Aysuh,Bansal,12/12/1995
64,Aysuh,Bansal,12/12/1995
65,Aysuh,Bansal,12/12/1995
66,Aysuh,Bansal,12/12/1995
67,Aysuh,Bansal,12/12/1995
68,Aysuh,Bansal,12/12/1995
69,Aysuh,Bansal,12/12/1995
70,Aysuh,Bansal,12/12/1995
71,Aysuh,Bansal,12/12/1995
72,Aysuh,Bansal,12/12/1995
73,Aysuh,Bansal,12/12/1995
74,Aysuh,Bansal,12/12/1995
75,Aysuh,Bansal,12/12/1995
76,Aysuh,Bansal,12/12/1995
77,Aysuh,Bansal,12/12/1995
78,Aysuh,Bansal,12/12/1995
79,Aysuh,Bansal,12/12/1995
80,Aysuh,Bansal,12/12/1995
81,Aysuh,Bansal,12/12/1995
82,Aysuh,Bansal,12/12/1995
83,Aysuh,Bansal,12/12/1995
84,Aysuh,Bansal,12/12/1995
85,Aysuh,Bansal,12/12/1995
86,Aysuh,Bansal,12/12/1995
87,Aysuh,Bansal,12/12/1995
88,Aysuh,Bansal,12/12/1995
89,Aysuh,Bansal,12/12/1995
90,Aysuh,Bansal,12/12/1995
91,Aysuh,Bansal,12/12/1995
92,Aysuh,Bansal,12/12/1995
93,Aysuh,Bansal,12/12/1995
94,Aysuh,Bansal,12/12/1995
95,Aysuh,Bansal,12/12/1995
96,Aysuh,Bansal,12/12/1995
97,Aysuh,Bansal,12/12/1995
98,Aysuh,Bansal,12/12/1995
99,Aysuh,Bansal,12/12/1995
100,Aysuh,Bansal,12/12/1995
101,Aysuh,Bansal,12/12/1995
102,Aysuh,Bansal,12/12/1995
103,Aysuh,Bansal,12/12/1995
104,Aysuh,Bansal,12/12/1995
105,Aysuh,Bansal,12/12/1995
106,Aysuh,Bansal,12/12/1995
107,Aysuh,Bansal,12/12/1995
108,Aysuh,Bansal,12/12/1995
109,Aysuh,Bansal,12/12/1995
110,Aysuh,Bansal,12/12/1995
111,Aysuh,Bansal,12/12/1995
112,Aysuh,Bansal,12/12/1995
113,Aysuh,Bansal,12/12/1995
114,Aysuh,Bansal,12/12/1995
115,Aysuh,Bansal,12/12/1995
116,Aysuh,Bansal,12/12/1995
117,Aysuh,Bansal,12/12/1995
118,Aysuh,Bansal,12/12/1995
119,Aysuh,Bansal,12/12/1995
120,Aysuh,Bansal,12/12/1995
121,Aysuh,Bansal,12/12/1995
122,Aysuh,Bansal,12/12/1995
123,Aysuh,Bansal,12/12/1995
124,Aysuh,Bansal,12/12/1995
125,Aysuh,Bansal,12/12/1995
126,Aysuh,Bansal,12/12/1995
127,Aysuh,Bansal,12/12/1995
128,Aysuh,Bansal,12/12/1995
129,Aysuh,Bansal,12/12/1995
130,Aysuh,Bansal,12/12/1995
131,Aysuh,Bansal,12/12/1995
132,Aysuh,Bansal,12/12/1995
133,Aysuh,Bansal,12/12/1995
134,Aysuh,Bansal,12/12/1995
135,Aysuh,Bansal,12/12/1995
136,Aysuh,Bansal,12/12/1995
137,Aysuh,Bansal,12/12/1995
138,Aysuh,Bansal,12/12/1995
139,Aysuh,Bansal,12/12/1995
140,Aysuh,Bansal,12/12/1995
141,Aysuh,Bansal,12/12/1995
142,Aysuh,Bansal,12/12/1995
143,Aysuh,Bansal,12/12/1995
144,Aysuh,Bansal,12/12/1995
145,Aysuh,Bansal,12/12/1995
146,Aysuh,Bansal,12/12/1995
147,Aysuh,Bansal,12/12/1995
148,Aysuh,Bansal,12/12/1995
149,Aysuh,Bansal,12/12/1995
150,Aysuh,Bansal,12/12/1995
151,Aysuh,Bansal,12/12/1995
152,Aysuh,Bansal,12/12/1995
153,Aysuh,Bansal,12/12/1995
154,Aysuh,Bansal,12/12/1995
155,Aysuh,Bansal,12/12/1995
156,Aysuh,Bansal,12/12/1995
157,Aysuh,Bansal,12/12/1995
158,Aysuh,Bansal,12/12/1995
159,Aysuh,Bansal,12/12/1995
160,Aysuh,Bansal,12/12/1995
161,Aysuh,Bansal,12/12/1995
162,Aysuh,Bansal,12/12/1995
163,Aysuh,Bansal,12/12/1995
164,Aysuh,Bansal,12/12/1995
165,Aysuh,Bansal,12/12/1995
166,Aysuh,Bansal,12/12/1995
167,Aysuh,Bansal,12/12/1995
168,Aysuh,Bansal,12/12/1995
169,Aysuh,Bansal,12/12/1995
170,Aysuh,Bansal,12/12/1995
171,Aysuh,Bansal,12/12/1995
172,Aysuh,Bansal,12/12/1995
173,Aysuh,Bansal,12/12/1995
174,Aysuh,Bansal,12/12/1995
175,Aysuh,Bansal,12/12/1995
176,Aysuh,Bansal,12/12/1995
177,Aysuh,Bansal,12/12/1995
178,Aysuh,Bansal,12/12/1995
179,Aysuh,Bansal,12/12/1995
180,Aysuh,Bansal,12/12/1995
181,Aysuh,Bansal,12/12/1995
182,Aysuh,Bansal,12/12/1995
183,Aysuh,Bansal,12/12/1995
184,Aysuh,Bansal,12/12/1995
185,Aysuh,Bansal,12/12/1995
186,Aysuh,Bansal,12/12/1995
187,Aysuh,Bansal,12/12/1995
188,Aysuh,Bansal,12/12/1995
189,Aysuh,Bansal,12/12/1995
190,Aysuh,Bansal,12/12/1995
191,Aysuh,Bansal,12/12/1995
192,Aysuh,Bansal,12/12/1995
193,Aysuh,Bansal,12/12/1995
194,Aysuh,Bansal,12/12/1995
195,Aysuh,Bansal,12/12/1995
196,Aysuh,Bansal,12/12/1995
197,Aysuh,Bansal,12/12/1995
198,Aysuh,Bansal,12/12/1995
199,Aysuh,Bansal,12/12/1995
200,Aysuh,Bansal,12/12/1995
201,Aysuh,Bansal,12/12/1995
202,Aysuh,Bansal,12/12/1995
203,Aysuh,Bansal,12/12/1995
204,Aysuh,Bansal,12/12/1995
205,Aysuh,Bansal,12/12/1995
206,Aysuh,Bansal,12/12/1995
207,Aysuh,Bansal,12/12/1995
208,Aysuh,Bansal,12/12/1995
209,Aysuh,Bansal,12/12/1995
210,Aysuh,Bansal,12/12/1995
211,Aysuh,Bansal,12/12/1995
212,Aysuh,Bansal,12/12/1995
213,Aysuh,Bansal,12/12/1995
214,Aysuh,Bansal,12/12/1995
215,Aysuh,Bansal,12/12/1995
216,Aysuh,Bansal,12/12/1995
217,Aysuh,Bansal,12/12/1995
218,Aysuh,Bansal,12/12/1995
219,Aysuh,Bansal,12/12/1995
220,Aysuh,Bansal,12/12/1995
221,Aysuh,Bansal,12/12/1995
222,Aysuh,Bansal,12/12/1995
223,Aysuh,Bansal,12/12/1995
224,Aysuh,Bansal,12/12/1995
225,Aysuh,Bansal,12/12/1995
226,Aysuh,Bansal,12/12/1995
227,Aysuh,Bansal,12/12/1995
228,Aysuh,Bansal,12/12/1995
229,Aysuh,Bansal,12/12/1995
230,Aysuh,Bansal,12/12/1995
231,Aysuh,Bansal,12/12/1995
232,Aysuh,Bansal,12/12/1995
233,Aysuh,Bansal,12/12/1995
234,Aysuh,Bansal,12/12/1995
235,Aysuh,Bansal,12/12/1995
236,Aysuh,Bansal,12/12/1995
237,Aysuh,Bansal,12/12/1995
238,Aysuh,Bansal,12/12/1995
239,Aysuh,Bansal,12/12/1995
240,Aysuh,Bansal,12/12/1995
241,Aysuh,Bansal,12/12/1995
242,Aysuh,Bansal,12/12/1995
243,Aysuh,Bansal,12/12/1995
244,Aysuh,Bansal,12/12/1995
245,Aysuh,Bansal,12/12/1995
246,Aysuh,Bansal,12/12/1995
247,Aysuh,Bansal,12/12/1995
248,Aysuh,Bansal,12/12/1995
249,Aysuh,Bansal,12/12/1995
250,Aysuh,Bansal,12/12/1995
251,Aysuh,Bansal,12/12/1995
252,Aysuh,Bansal,12/12/1995
253,Aysuh,Bansal,12/12/1995
254,Aysuh,Bansal,12/12/1995
255,Aysuh,Bansal,12/12/1995
256,Aysuh,Bansal,12/12/1995
257,Aysuh,Bansal,12/12/1995
258,Aysuh,Bansal,12/12/1995
259,Aysuh,Bansal,12/12/1995
260,Aysuh,Bansal,12/12/1995
261,Aysuh,Bansal,12/12/1995
262,Aysuh,Bansal,12/12/1995
263,Aysuh,Bansal,12/12/1995
264,Aysuh,Bansal,12/12/1995
265,Aysuh,Bansal,12/12/1995
266,Aysuh,Bansal,12/12/1995
267,Aysuh,Bansal,12/12/1995
268,Aysuh,Bansal,12/12/1995
269,Aysuh,Bansal,12/12/1995
270,Aysuh,Bansal,12/12/1995
271,Aysuh,Bansal,12/12/1995
272,Aysuh,Bansal,12/12/1995
273,Aysuh,Bansal,12/12/1995
274,Aysuh,Bansal,12/12/1995
275,Aysuh,Bansal,12/12/1995
276,Aysuh,Bansal,12/12/1995
277,Aysuh,Bansal,12/12/1995
278,Aysuh,Bansal,12/12/1995
279,Aysuh,Bansal,12/12/1995
280,Aysuh,Bansal,12/12/1995
281,Aysuh,Bansal,12/12/1995
282,Aysuh,Bansal,12/12/1995
283,Aysuh,Bansal,12/12/1995
284,Aysuh,Bansal,12/12/1995
285,Aysuh,Bansal,12/12/1995
286,Aysuh,Bansal,12/12/1995
287,Aysuh,Bansal,12/12/1995
288,Aysuh,Bansal,12/12/1995
289,Aysuh,Bansal,12/12/1995
290,Aysuh,Bansal,12/12/1995
291,Aysuh,Bansal,12/12/1995
292,Aysuh,Bansal,12/12/1995
293,Aysuh,Bansal,12/12/1995
294,Aysuh,Bansal,12/12/1995
295,Aysuh,Bansal,12/12/1995
296,Aysuh,Bansal,12/12/1995
297,Aysuh,Bansal,12/12/1995
298,Aysuh,Bansal,12/12/1995
299,Aysuh,Bansal,12/12/1995
300,Aysuh,Bansal,12/12/1995
301,Aysuh,Bansal,12/12/1995
302,Aysuh,Bansal,12/12/1995
303,Aysuh,Bansal,12/12/1995
304,Aysuh,Bansal,12/12/1995
305,Aysuh,Bansal,12/12/1995
306,Aysuh,Bansal,12/12/1995
307,Aysuh,Bansal,12/12/1995
308,Aysuh,Bansal,12/12/1995
309,Aysuh,Bansal,12/12/1995
310,Aysuh,Bansal,12/12/1995
311,Aysuh,Bansal,12/12/1995
312,Aysuh,Bansal,12/12/1995
313,Aysuh,Bansal,12/12/1995
314,Aysuh,Bansal,12/12/1995
315,Aysuh,Bansal,12/12/1995
316,Aysuh,Bansal,12/12/1995
317,Aysuh,Bansal,12/12/1995
318,Aysuh,Bansal,12/12/1995
319,Aysuh,Bansal,12/12/1995
320,Aysuh,Bansal,12/12/1995
321,Aysuh,Bansal,12/12/1995
322,Aysuh,Bansal,12/12/1995
323,Aysuh,Bansal,12/12/1995
324,Aysuh,Bansal,12/12/1995
325,Aysuh,Bansal,12/12/1995
326,Aysuh,Bansal,12/12/1995
327,Aysuh,Bansal,12/12/1995
328,Aysuh,Bansal,12/12/1995
329,Aysuh,Bansal,12/12/1995
330,Aysuh,Bansal,12/12/1995
331,Aysuh,Bansal,12/12/1995
332,Aysuh,Bansal,12/12/1995
333,Aysuh,Bansal,12/12/1995
334,Aysuh,Bansal,12/12/1995
335,Aysuh,Bansal,12/12/1995
336,Aysuh,Bansal,12/12/1995
337,Aysuh,Bansal,12/12/1995
338,Aysuh,Bansal,12/12/1995
339,Aysuh,Bansal,12/12/1995
340,Aysuh,Bansal,12/12/1995
341,Aysuh,Bansal,12/12/1995
342,Aysuh,Bansal,12/12/1995
343,Aysuh,Bansal,12/12/1995
344,Aysuh,Bansal,12/12/1995
345,Aysuh,Bansal,12/12/1995
346,Aysuh,Bansal,12/12/1995
347,Aysuh,Bansal,12/12/1995
348,Aysuh,Bansal,12/12/1995
349,Aysuh,Bansal,12/12/1995
350,Aysuh,Bansal,12/12/1995
351,Aysuh,Bansal,12/12/1995
352,Aysuh,Bansal,12/12/1995
353,Aysuh,Bansal,12/12/1995
354,Aysuh,Bansal,12/12/1995
355,Aysuh,Bansal,12/12/1995
356,Aysuh,Bansal,12/12/1995
357,Aysuh,Bansal,12/12/1995
358,Aysuh,Bansal,12/12/1995
359,Aysuh,Bansal,12/12/1995
360,Aysuh,Bansal,12/12/1995
361,Aysuh,Bansal,12/12/1995
362,Aysuh,Bansal,12/12/1995
363,Aysuh,Bansal,12/12/1995
364,Aysuh,Bansal,12/12/1995
365,Aysuh,Bansal,12/12/1995
366,Aysuh,Bansal,12/12/1995
367,Aysuh,Bansal,12/12/1995
368,Aysuh,Bansal,12/12/1995
369,Aysuh,Bansal,12/12/1995
370,Aysuh,Bansal,12/12/1995
371,Aysuh,Bansal,12/12/1995
372,Aysuh,Bansal,12/12/1995
373,Aysuh,Bansal,12/12/1995
374,Aysuh,Bansal,12/12/1995
375,Aysuh,Bansal,12/12/1995
376,Aysuh,Bansal,12/12/1995
377,Aysuh,Bansal,12/12/1995
378,Aysuh,Bansal,12/12/1995
379,Aysuh,Bansal,12/12/1995
380,Aysuh,Bansal,12/12/1995
381,Aysuh,Bansal,12/12/1995
382,Aysuh,Bansal,12/12/1995
383,Aysuh,Bansal,12/12/1995
384,Aysuh,Bansal,12/12/1995
385,Aysuh,Bansal,12/12/1995
386,Aysuh,Bansal,12/12/1995
387,Aysuh,Bansal,12/12/1995
388,Aysuh,Bansal,12/12/1995
389,Aysuh,Bansal,12/12/1995
390,Aysuh,Bansal,12/12/1995
391,Aysuh,Bansal,12/12/1995
392,Aysuh,Bansal,12/12/1995
393,Aysuh,Bansal,12/12/1995
394,Aysuh,Bansal,12/12/1995
395,Aysuh,Bansal,12/12/1995
396,Aysuh,Bansal,12/12/1995
397,Aysuh,Bansal,12/12/1995
398,Aysuh,Bansal,12/12/1995
399,Aysuh,Bansal,12/12/1995
400,Aysuh,Bansal,12/12/1995
401,Aysuh,Bansal,12/12/1995
402,Aysuh,Bansal,12/12/1995
403,Aysuh,Bansal,12/12/1995
404,Aysuh,Bansal,12/12/1995
405,Aysuh,Bansal,12/12/1995
406,Aysuh,Bansal,12/12/1995
407,Aysuh,Bansal,12/12/1995
408,Aysuh,Bansal,12/12/1995
409,Aysuh,Bansal,12/12/1995
410,Aysuh,Bansal,12/12/1995
411,Aysuh,Bansal,12/12/1995
412,Aysuh,Bansal,12/12/1995
413,Aysuh,Bansal,12/12/1995
414,Aysuh,Bansal,12/12/1995
415,Aysuh,Bansal,12/12/1995
416,Aysuh,Bansal,12/12/1995
417,Aysuh,Bansal,12/12/1995
418,Aysuh,Bansal,12/12/1995
419,Aysuh,Bansal,12/12/1995
420,Aysuh,Bansal,12/12/1995
421,Aysuh,Bansal,12/12/1995
422,Aysuh,Bansal,12/12/1995
423,Aysuh,Bansal,12/12/1995
424,Aysuh,Bansal,12/12/1995
425,Aysuh,Bansal,12/12/1995
426,Aysuh,Bansal,12/12/1995
427,Aysuh,Bansal,12/12/1995
428,Aysuh,Bansal,12/12/1995
429,Aysuh,Bansal,12/12/1995
430,Aysuh,Bansal,12/12/1995
431,Aysuh,Bansal,12/12/1995
432,Aysuh,Bansal,12/12/1995
433,Aysuh,Bansal,12/12/1995
434,Aysuh,Bansal,12/12/1995
435,Aysuh,Bansal,12/12/1995
436,Aysuh,Bansal,12/12/1995
437,Aysuh,Bansal,12/12/1995
438,Aysuh,Bansal,12/12/1995
439,Aysuh,Bansal,12/12/1995
440,Aysuh,Bansal,12/12/1995
441,Aysuh,Bansal,12/12/1995
442,Aysuh,Bansal,12/12/1995
443,Aysuh,Bansal,12/12/1995
444,Aysuh,Bansal,12/12/1995
445,Aysuh,Bansal,12/12/1995
446,Aysuh,Bansal,12/12/1995
447,Aysuh,Bansal,12/12/1995
448,Aysuh,Bansal,12/12/1995
449,Aysuh,Bansal,12/12/1995
450,Aysuh,Bansal,12/12/1995
451,Aysuh,Bansal,12/12/1995
452,Aysuh,Bansal,12/12/1995
453,Aysuh,Bansal,12/12/1995
454,Aysuh,Bansal,12/12/1995
455,Aysuh,Bansal,12/12/1995
456,Aysuh,Bansal,12/12/1995
457,Aysuh,Bansal,12/12/1995
458,Aysuh,Bansal,12/12/1995
459,Aysuh,Bansal,12/12/1995
460,Aysuh,Bansal,12/12/1995
461,Aysuh,Bansal,12/12/1995
462,Aysuh,Bansal,12/12/1995
463,Aysuh,Bansal,12/12/1995
464,Aysuh,Bansal,12/12/1995
465,Aysuh,Bansal,12/12/1995
466,Aysuh,Bansal,12/12/1995
467,Aysuh,Bansal,12/12/1995
468,Aysuh,Bansal,12/12/1995
469,Aysuh,Bansal,12/12/1995
470,Aysuh,Bansal,12/12/1995
471,Aysuh,Bansal,12/12/1995
472,Aysuh,Bansal,12/12/1995
473,Aysuh,Bansal,12/12/1995
474,Aysuh,Bansal,12/12/1995
475,Aysuh,Bansal,12/12/1995
476,Aysuh,Bansal,12/12/1995
477,Aysuh,Bansal,12/12/1995
478,Aysuh,Bansal,12/12/1995
479,Aysuh,Bansal,12/12/1995
480,Aysuh,Bansal,12/12/1995
481,Aysuh,Bansal,12/12/1995
482,Aysuh,Bansal,12/12/1995
483,Aysuh,Bansal,12/12/1995
484,Aysuh,Bansal,12/12/1995
485,Aysuh,Bansal,12/12/1995
486,Aysuh,Bansal,12/12/1995
487,Aysuh,Bansal,12/12/1995
488,Aysuh,Bansal,12/12/1995
489,Aysuh,Bansal,12/12/1995
490,Aysuh,Bansal,12/12/1995
491,Aysuh,Bansal,12/12/1995
492,Aysuh,Bansal,12/12/1995
493,Aysuh,Bansal,12/12/1995
494,Aysuh,Bansal,12/12/1995
495,Aysuh,Bansal,12/12/1995
496,Aysuh,Bansal,12/12/1995
497,Aysuh,Bansal,12/12/1995
498,Aysuh,Bansal,12/12/1995
499,Aysuh,Bansal,12/12/1995